blob	004145cddf3f9db91b57b9cb596683c8eb420862	d6c5547123786b34aa6c7f85397f8dbd2d4b814f
blob	043440419589a85e1c9aea273c356b110590509f	a3b00f93015c27d51c836e740fa5639f7ef8e7ba
blob	060fb1040b25f9c476cf3c8dde90ab0b3ab89a01	8b5f28dfd39a9b016d32528f086109ba24df1179
blob	07fa551b6f8f80f9bae8ce16c2e4976d3cef19bf	687d01b0015fd2cf18b7e74072ee63f3e630aae0
blob	0c779562fab904e5a40b7db5561b870b8a929339	2d44fe57a1eab22488b7f1a5be2ce0d3aac66973
blob	0dd7c1f1b0281bd0e6115d3b5fb77ced988c4150	f93666cdcfce67d87dcaae2f003d2ffe9bbcf854
blob	15ade95be880f2214d4c21d2e6fdc6c8502b843e	0a81974cd3cd650f6bfce013b9a53e98fe166d96
blob	1b9b8c98cd7f07c173923b9472152c0fccee67a0	0a2d7757443a6f20cd7803567ef05b907ad1993e
blob	1e15a2f51ffd1e9b1e4117abd3018b5133ba09c8	009dac21fed450cb8ee88da04adda756de8a0c15
blob	209893b7c4ea5a0fcba2e0564515d274e07ae5cd	7b86a05c017b06b53ac5bcb5604b1636c867aaa9
blob	20eee7778d3189cc54146519c1b8274515c1890f	f5949621e193af654201921013ee68ef28f4769a
blob	211ee6b224db2bf215c9da183119a68e2777ab7b	89c55a389ef2e47ce7698ba3cab33761fcfdab03
blob	2148513723056dcb109e8d2311a6f36d060fc5e8	48539c822680469cce2614abee2b5af7102d838b
blob	23500293a37e5c665dec84f48f21eb40a0ae29d0	e5f2b1dcac709a9549c2d7c8fd356526ef01ae1b
blob	281b7ee541c922588549795d6f7b748bb179b2f7	9ad50ec558c6f159945608284faa8371754d3da8
blob	31be6dd6b926c969951706581c64d10e4ff687e6	1ed26df7b4b73c5f0830f3e4002f872debe778e9
blob	3432501bc6be53cfbeab95a5741901d094e441b1	f804696d063d361245f91d42ca193944f5845108
blob	35799a65f049810b8469644f71459c83343d6486	5705311e6b26b2625460bad02a02b0a65c750baa
blob	36772205b6890e03b9a46b7b1b8cc1921154bd53	545f7f43fdac9c30200480131de021badcbbfcdf
blob	388559879c4fe512595575dcc86084ca44c7b9db	fd66f935553a01e4a8e040e670b704e63f03d967
blob	38d970aaa8161a6bc8ff87bff59ead8f3fc52f02	dec321a7ed7979d9fa799ab65aa35af56490150a
blob	3b53c04bd9a75575a6a721bb98e0b7bec9a06702	81f000d0f145a8023797ee9d18c00b25b178f41a
blob	3c8f56ba4cf3e96df5c3f13bddd8c301d99fe246	7ee6fd9c2249791462a1a5cfdf688afba8f6f789
blob	4366431713c6f1cb39233ee8aa78d0abf2628865	c8cfee3b3372cf5b9c671c4875a1b863d34ad3c8
blob	45e40926d05c21b3b09e903a641c664923d9c66d	a2d34dcea0d18e3695b65e6d70160e3d06190b9e
blob	4801bc9228c41f7603523c4628dcdca059be51bb	634e92ec5a353451891b189123f7d4dfdc3e9099
blob	4b08e3e17ce6e2c93d1b4c675696c62ca5d81736	9da16442e372ee871fb00f8a4e4309cfb31912ce
blob	4b6932cbffd20a68d496c3e863b09dbe85560023	70119fb9141a32a4f2cb117c4c63690c6a73ffb3
blob	4fc7eba0a7508c050522a76fbb6b8ae32902a600	30240b381c058de16af2cf6485a95a88586c2375
blob	50654c1d8f8d2f375005c4196e9e553c1da44c64	c2eafeeed31d901aa9657d7bcdd77bcb0ac62a07
blob	5174b28c565c285e3e312ec5178be64fbeca8398	403281b0c25574ef241fea209fe3624b1a84803a
blob	567f17b0d7c7fb662c16d4357dd74830caf2dccb	35b55dcbafb92aed2e8e0d88090c040ffe3a081b
blob	56d8bfa7afc9e51908c04ad252f41083e17c366d	146c07c3645f7c4aeba1095c7d4defefe2f21cc8
blob	56ed8ae2bb72f376c89801b01bc377d265272b7f	25188fc8d9a78bd340851832535fcba800356a04
blob	5b6d8c2038cc9b2ef5e49ef95d345059a0ad1c86	49890a52ff860933f438eef870907a2dfa4bbf58
blob	5d89088d19edbbff8f1f724950ff3346b96d8ec5	fbdfa736591296fab114da4650814f1d14b76910
blob	5da2dca80f6ef22e3e0bff1633652aca53c095eb	b9823a63d68b7c818aee61dbe3d72f3bd2126fd2
blob	5e5a14900a520c5493112064b6ebe1783921fe61	761bcb66cdb138d9f3ce6b51bd17fb29a2a111a3
blob	6121220f86faad65784f8c56d36782e6488f8c2c	796892bfeb770077cc9818d4822404c1aee68182
blob	618e4a85ae3b4d192950a8078960d35b386abb45	c38256099e2f499718ff4cf29ce85d3a0e31172c
blob	65046bac0d803e2b909bdbe02d6c2ec0749b6a3d	567678dc21a9c47c7026418063c893b016afe2e4
blob	6748284b8b8a93c1ce98fb9a1c8a76e16e6797f0	4a186633c96909faf3adc4448280fd54f064ebdf
blob	695f869a36de69422e6a6a78041d072fbb6907f0	696039ced54d0222da3be6b716f45a72c75451fe
blob	6a7b8a6d3884db86c799982d391c1b574ec7e390	b4fd6ea623ee6c65ddc8b8af509b11bf80364e7e
blob	6b71a74624817fcb7bfc083ae30412570cd9bb20	2b8ff3457fe08536c31b835bdb18a772d5baaa78
blob	711963a998c050dd8cee2c6dd238b53e3a0ebea5	c3973c53e733c74e3e52686133c0dad7001e84dd
blob	73407aa68919e53ec1388c4856c56b1893b4b7fa	341e5de2dd8a24b7ca3ef95579d93fd2a366821c
blob	7632d0900230fd1497075f511fae855e3d1a0d89	7d4efd01d415f4c8d2a7d19ec88f9a8528161af2
blob	77053960334e2e34dc584dea8019925c3b4ccca9	b6f72d566b036d4bb030f1cfda56f09f93a8ee3d
blob	8055bf7ceda87316fa5da6a2a200036267a59f47	d78c8ba7e3ec2907910aca431b8a509c9fac8173
blob	81d1e7b18ed86a8a0be0d6aac7d246f3eb719abe	c4bab101a14432a7dc6759480241e6bb8fdff2d4
blob	836d5243030f2333e4499603470716e398b751c1	3c071a4139a4233228b538616d37fb1e78da0fb4
blob	836dda909044c49962e0200a16a29df8cba4a5bd	b88fc58cfa64b764213758136c6e95af070eccd1
blob	8404cbb206f2055e3c572ff15795de3d4a6ed1bd	deaccc3b287804b1a9f652531edd458099ccb61e
blob	863f719c55129a4819a180bfeb0feb96ca81654b	46f9a14ec2e2e64313090300a4ed6834973a32c7
blob	8832680c502ddc81f96096026ad3be6a003bc269	9a185c66aa82a18033a20a726479600e35fb53c2
blob	8a97d256b3f4c5be3194f1576e409abc380fad09	bab972ab19766e099723873184a849e82f975ac0
blob	8e7aa2b881fc61aa6009e9e56f1a3255eb461fbf	22cf985974c91d850b53244f63acaae637b1d356
blob	8fa7719468648f1f753fc0884ba9bb18b42d0348	2ec68b1619f5aa3454c351e1a193a3bd0227f1c0
blob	904ecaf0d236deaf76cea497845f42f5715f366d	83d19435ce87606c51ec7ea97e5139809747fac4
blob	941f6bee1220327736087e4f569d9ee069965f78	94d1dc4d860284020f1087b89e749feda9d19417
blob	992e5154eef1fdd256d539a246771e77ec4c99a3	9eb6a7da14f6d050a742d56c6938119abf560a8b
blob	9990408a12ef7c4e8261912ef3ae0444f1a6beb1	f675cf2618cc7e9c0a8d307df6013f32b7160235
blob	9ac1e9873c513b69e07faae798ee888c58cb6b45	e73531268eb3ccb0f04aae01ae4eb45ecc769ae9
blob	a21b7e6a0b0a0909dffb3ecc272b82815880fa53	b2333247621bbb29f876ed3c0488cf38e12a390a
blob	a4988f0ce9fdd7cc1f38c4de9097ba7ccffe0240	754559f061202f801f48ec2056b58d11e2a771dc
blob	a7185550fcf0a253918a894b5a99f8cf41e2fc89	5af1411fcda7550fc47efdffa25e8e22eb9037a7
blob	a809cec9915147364c8eac1c1b30a59e5a90cce0	528d522f68f6142b8c0d80d43bb1863246e59412
blob	ac87684cf840c69f8e45246be51812e779e1994e	a4366e8dd3e1cb0ea1d1f2b788c163d7fcf63080
blob	b2b2a44f6ebc70c450043c05a002e7a93ba5d651	2e41ffd818ab3db43aeefacd378f81aea64a9880
blob	b678271ffb38f7eaf77be0fbabc7d6f1d390bca5	ed286cce6f789243d1282996467199a595565e6b
blob	bad79e25bc0a22527930172c9679279b3495a147	61f0e45a6fe1f10d6d101ead62ffc7df68d1165e
blob	bc39d8fca0b5d07a82e1f3caad994f6e890212c6	10d0c99831378ab6ab53331a7c7e394d48240948
blob	bfa8936cb22ef854378ff1fda0b985cb37a890e1	3813a765e06a2924a228869b5dac9c6c59d7bfb1
blob	c1025f05dbf332d8e028f2b34360f1f7cfc42dee	3dc95cec8e65d14e60aefea79abc8f331b75b1dc
blob	c361210852be6f75aa4ea5ddcee0ba3e45fa0e99	67393899473eaee6c75c862e1727f23f2988150e
blob	c3bab851c5b42437045ce1ff51d5a4d09fe8ae10	cf703506f7a228d91bb13ee08ec37ea1f5f1c19a
blob	c6d66127ae4846e55d7ebdc0b02ea6a191621b70	dc6d2157bdaa60e506db870524703d6fda0e7b2a
blob	c92744355065fb757fac8d7459af4d819c29f414	d7172955fdf708e1f33c917bf8b008447c987d39
blob	ca48b7731479a658e9fa1c6cc2c4832a4cbf160e	f2c9df9cc7dba0edc805c43e1e32d379a68bb860
blob	d59bae2c50a1d74fb1b5e2557015a084f2c75f12	2b687aeea017edc2333e78deae69a7c9392d58fe
blob	d5e6e9fbc40fe09c9fecb70da188e06155fa0791	c01e95f0e50f1c732b3a3f223fca2da52f3cbe4c
blob	d7337d7f345f6e3b5ad15e1b8a7c8a066194c8e9	b4f85a0fff4f71497d925ccf4ecc496e8e77ad07
blob	db8b08cdece558501abbdfc08be08c435ae47c38	0156d79c574305e0e877120a5c52c0e4cb3a0ac5
blob	df23f8d31b2d3eef6439f1b7e0897a049c80fc60	410174c3f8f504251d9fffd77b86ee41ea2c6de8
blob	e1dc9600147536dadb5aa20ca834ec772775be3f	4a7aaf3c5641ef36a2569fb064deb2f0fe1535be
blob	e55fb769a319b43a98afc70530d7ddc3688b3ab3	46dbee0d41408aff2d12160ca89ee2ba27574a2b
blob	e845941a0c73cd533dafb874168a5a8b96a906a5	af57011e973543f272e084cea0cbf8f362347f84
blob	ead6cda9066e021fcd6f93caaa2c75565fac79cb	4cd1601a098f05d8e7b17208ce43e20c011a2795
blob	ebcb0b17b6f9d634cdf5ab5293426b43404ac093	0af74312e9183cdd5021b49a9891c6515e320d58
blob	efba9e6d14b9d01b347d6b98c3b20b16b12a81f4	cb8a37bea3f3f5d7d71bc002b9e170b3e5394fcc
blob	f0d7da0be9b72da380372cee2888cc76b84e1f98	9df44ed745b633ee2999b2e31746ea340d5ccea4
blob	f2e05a94f92caf3bb6f8e75d2c6d576b7faec90b	5e6b86f15a8bf4daa7357c7607240680951530dc
blob	f33eaa2c01202308fa16071891c68d528c3ccc36	27e58345ca96d046ca978be58e698e7fb4c1e93f
blob	fd56f9ba9994ac50cdbba2a3361f0dff8b871723	68287131e9d135ae1e48d68c7d10f8669e10d374
blob	ff9090670755ce682c89d118f45a80fc4ede7be0	7996585db0b099bd3fa726a00ad2ba802f997e1d
tree	0301ac33836c3fec4795c1ed1aae93531963087d	99985d88f6ca021433e7dbabe22a0bad75f93757
tree	03fc4edf15d5fc68e11562bdd0c3df56c54f28de	c2206de70e09f60c8333245f6d1d61072818732c
tree	080d33f53407a6578194dea27b30ee1ec47353f3	6398f297ac7b268eb1534ddf62d9faf7569fd234
tree	091510165941358d12d428c5ce59b047bc0f7315	679fe4aa7fce055cd22c41664a124be762237a9b
tree	0bed0b7f52d3ca622c582693fdf24979bdd78cab	3f24d8425eb7fa79e4ecff0b7fd6a76e6037d631
tree	0cd11c434bc3c4c39ea27260b9de751b7d775fac	5fb67e55dd91abdf6f57292809f8c43556470115
tree	0f60f5c35bfc649b897a00201bd1cbd3b7cc8d6d	cda801e5425d87b05858146e8d8827cbc72c2894
tree	123522e26bcede0ef1fed4c12c17d7f365a2335c	3a5f7a969472b8a44592bb155c75d71f17f49b1b
tree	13adda17f38bca6212e2c405733e7dc4680dc297	cb83eb6c37adb7856724f7d53e725a7dbca572f5
tree	175f1263dddb167e20b888c10c34a1be162cad68	fa175e9811694b054fe64736ceaa84d42f704f80
tree	1c2457b61cc52f5efd1a11b0a8d66d48275899ed	72cb191c0c18565b94881bfc4321bcabbf57d53d
tree	1c5cec4bb2872ed434d582f42667d27158a2b808	ca68a9fde430beca7ea1d9db06f5974cd053897d
tree	1da3b130eb33de78c496d723e6e38bb6244d6b75	6cd51cc84bc773efd3052b6c73c1e1cef3798d75
tree	21eaee7f0a34695e3b1e14e2e9c91e15c65c605d	22bddacc4be631efb99df85e76183ecd0da24a3a
tree	25d4bd3a5c5f69c3d772d7832330fe524a730a53	b99660337e541140f8e0552fdcd7e8f3ea015ef6
tree	272f44b683e69c7432b5aff54bca18f6425efb3f	277f9f9546779872c92a8f19976846d174e246ad
tree	280f64697e8a4248c4ca41f4fbfc9026446eeaad	10d0c478591d8e7da9def313a7f6c82ccbd53968
tree	29120b7afc35bc5c24cbf669031e898ffcc90b86	0a3eb0ba8e965a13fef9bd957f1797806c5ce615
tree	2a409f5c8bcaeae7c4ef15e9204b042c72becf58	e5842798fce832ec3bac7b03fa5fa9c719e53c62
tree	2b360e3418b6c4163513aaf3c5ab8f0778f37e50	283a75a31a510d54ea0a7185dac86c12bc4786d3
tree	2e5f323369fb9a0b5608b69460e80a65184f4c49	eaad9436967e29629eb37c0f3cf997c2b57412d3
tree	2ee6c0a741ff25753750b53dfc2bcbb7eb365d91	78c85011887b79bcc994971e386e9da0f32a2891
tree	31728f071f655befceb1baaca7d790ff7f1fa78d	a2a2d0cec733c8d8992979d6eaa51927721a48dc
tree	3236040ef95ff1264e14100ce866a7c6998efc44	bf71c0f51f1e552a2f19be74e47a94070125cd67
tree	3343f7e3758109dc953594e5639bba5734a62ee7	da70fb28a572ad5a902e43c03faf8b5ff3d72c67
tree	345676bdc7f75dffaa5e86347f43c877c7f03481	5a236b481221cc40b805868019fe74ed3b3d40e4
tree	36449d2c63135f0cf1eade6553e7b616d66f675f	1aad0c44c1de07ff7a0e6279c23f3507011b562a
tree	3701deb374f68325d012fc17617fcddb22f054fc	fafe58988e0bb0b3c0bfa42f3f6fade6dae49402
tree	380a1d71754efae682656b64ba12d382a7e85485	ee9eb620d82559ff999f908aa69dc198a0d0d62a
tree	38cf585e2a5a6aaebaf503469bac06df5673083f	ddc9ede0e92476d02426d1c2ab453dadc6170bab
tree	3ab3c51ec39c5a6d80e810796076d5e13a9c1705	afd1dbd2d94228497fe2d8f4d5c2402516964eaf
tree	3d4d9b443211b8709a62beb1de68283636787373	f3346d85130ffb7fee2b7d386404ec91d9a9f177
tree	3e35fdf5800233cfe6e94feda9f20e959c401d9f	24b62384e21d436ba980cfdad1db14076ccd35e8
tree	408f0913b174d1ecf57277ab95a5baa2f8fb7ea4	f55826ce25b8c6823b62bf75e41235bd4dfbc99f
tree	41369dadf95a89691de89c2eb3d3104e5f3c1c3f	a752db19faaf1e9a9642c4f87b9bd03b0c951e1a
tree	41ddf8a3d38779fa6fbc60744ccfd0032408c668	72c752473c1d0d0565435c970d9266d0a63f6ed2
tree	41ed307c0a1cb3c814c4866244b907e3c350e867	5030f48851245022533a1317eac144ae3be4991a
tree	47218ff8238113e41338b4414ed62adf1591840e	7f14f26b9cff516ac4231171caa7eee3857a8ae7
tree	47b3b5e77bfc9984203b831ea12c02f0eec5e029	2347a14156308991827ce1529bb582570c5cda1a
tree	48af55c4cdf39624d3c4cdde90e5e0c1db260702	95c345fc277737dab8bb9fe83b9803d73b79393e
tree	49135d866fe68ca676d12cd7ba081dc8a19cdfae	5a986c4f2343dc70e328caa98042bed7a08f43bc
tree	4a18b4da2e5847b95ceb6bcf8eba4648cae0710e	cf141beb7b2cd435219c3ea719949ac58c1e6384
tree	4f49f1c47e056298e4536a78a446258d19e2e276	8543740e73a56c867647f6bcf9a0d0f8359f2c24
tree	4fb345a50854900a743d761bc5c86b472367baf9	7aa404020f0ee0b8fed1f6e35c39166711bc6100
tree	51516fa7d4a3bec6be25a34d82fb270c3c35d181	b4933c994c91a23326f2e87cd1f5c4aa6479149b
tree	51b28aaa2ca1dbbf1eaf6b2831f6d61b09df6ea1	3446851eafa6f609d26aa9d10dd64d0ac11d477d
tree	5301ddd23dee6a0711e8400f6e173482c755505e	358662f363aae64c6c0d11dbaa9d227257c3d330
tree	5402906f431ac81aa149d8529e13f91baa849ab9	de06cc5328bbecd0eb99a7cf6a6c11b9fd4b37ea
tree	54e61dca19c679b2d5dd40fa782abd4f27d8a69f	0b29389a448defab528653cd8e211cc960fa8e5e
tree	55700a8ee2fbf15caaaa4b69da583207c2d204bd	08d5f99a7422bd1accd3ccb8614727687a3b43a3
tree	57c13793d9fa5c29e9413e89fdc226259b29bba2	23e6b5ba0603507e54e6a426a5e0cf1536c9a868
tree	5c7403997d87da8b1d3d66a75f47a3ae7d005de2	d4b2f620f0a752895774d96bacfd92f6d5783046
tree	5d2153c1cf93d3c41a1c54859143511fd1b7c5a6	606c8b97ed693b081347d0ebba29a27a191f10a7
tree	5d717f309a8f00193b0f2752e1f8aaced44e3d01	365d89b9794d4d8c0ef8d36d153e8bd9bd48fa4d
tree	5e15290491bd04a9d0c25f9ca1f330f1955450af	3f540952699c4e8a667a8efca4977650bc896c02
tree	5e68800fba59d4614e8859e2bd50e1030db51f29	3cef7b1e1c360fcc85013d1abf4f48a4bb40164e
tree	6426d1704d655eaa79a104138b5d2b58e67e24f7	ec306ee0e3efb4fc51ae67dcd17dff0d1f2b0c55
tree	645095a530d0cba75e8090899cc75431c80c9d64	5c6b497da7bce9b719dde90a1cb1d91a9a44a8f3
tree	64b022c055382dd3be8f3146f7ae50aded954943	5d150e17202c081ade6ce06f00fe10f17fb1e734
tree	65eb3ee26a6e7dc97af153f642154ef8db24bf45	f35c01ff50343593e902c2415b2070a2b87bed16
tree	6613e1bcd5714e2f70e00b758b72df9b08c63b2d	f00f15b3fd24ffee3efe153539b4e4223649440f
tree	6a63dd3625d0f5b6af493e32d82c8260d998ed55	e0a9d303bd33f66defac0244522bde3bc17ded76
tree	7086e5cc0d87c2a17a83aee4b846240975f1b1c4	7b5d9e2aa4447c8e80d396900cb10802ae637dc3
tree	72ca7688c8b8ea1bcaac2f390add3eb0a971cd35	b7d0b9bd3576af5f7e67f206cfd4ff60bfa25955
tree	738214c06523be1127dde788b2edd033fd43982e	605c98710392fcbb6a252560c217ba5e679e0a1c
tree	7441391c3fd0cbad2f7592d2b580ad2a7a7cb128	e9801dc91787b5736dd2f6818183e3e534014362
tree	754023dc1547fc0bd91ea18fa0f8ebf42ad95997	b31c0790b6eb0d55cb68728976593f94b70c4594
tree	77506a9a35f19636aa70b977eacd590e697f7eae	d89b2419180f233522efc1365215658e5fab1940
tree	77a3f43abf7d0945369e54f586d2e10c9369d024	473c22d91f83e04f4511ffecc9dcd884ebcacb74
tree	78db5a9ba6e61f6a5fb6105532e7de952b59c377	13cdc6da4c74580c0d3c5d0ad4813379af0434f3
tree	7ad3decddd80c13edc2fac2e5819578aceaca1db	a8985e8be9e6425977ca3048609462c5747f758b
tree	7b1a809731c4bcf1af4569bdc775aea03507986b	32e90f335a4af462910de9a389e1ca4e671c8ad3
tree	7b1f68beebeb8a9cf42b08d3f6caaeb4c1088692	c2c00621fdb6b72b635430459f8aa1e83525fcda
tree	7caebca7459c5293e6876dd1abb6fbe52c3a405b	838f670551c2867e37faf91c87c14b6bbe17348e
tree	7e6d55c5582897f68673ed93f10b8697c39d791e	d4138fc60a5af87203f6d4c1293d9cb746ad2d6b
tree	7f2a1e376d5322bc47ed4f4e7bd6d3d7e21cb1b4	822aad4c77b90ca05692e9e8add9e36338f9a3ca
tree	7fd3642530529f69372d60399bc1071bca98790b	e5ed1a316c03826e361854e3df2ac35617db785e
tree	80ca8bd064afcb61246cf544cb275a8a4e4e5dca	d96c6b92255c2e795d5518346e912f9d89f06653
tree	82331fce8ba1415029cb798f818d95646fba5fea	d9d2fedecbb9dc68ff82e7595e2325e39d062ce7
tree	8391419654ef697b87b717b8187dc065458a893e	bf22a400d4a4a2a203d67abf9249369bdf1fd223
tree	861af84025c7cbfe1d62f940b1976cfbe2051493	33bf81001d997a0a5f9ff5f8862fb09d7e5ca41c
tree	88700a24b7bb758565223db511e2714ed9976a24	9ddf17f4314cd713539d937323bc3945e774a761
tree	8be5a7a6684add356e87b9ca7442b40689f505ff	2cf28cb10d268102cb119fc83948fa03c8255b8e
tree	8c58065a6eb2d498c1aabdc06734887a1f09934b	3c99a8cd5ebf4525fddcd226544f960618942546
tree	8f24f1976e803ccd91e92f7cbc292eddf744b08d	4a5b5c4030b5016c2e7d53e3740afb4cca2f8ecd
tree	927dc1a59b62f01f7a52f79c5948ad155b60ed9a	64512026dc2fa60e782bd3c5ed0c57cd29ace0bf
tree	92e4c69d23f18ffbca0d940b1d2d87a38af34509	2e68351197fc7c33132f5a37ca60a38c851895ba
tree	933bd1b90a7b16a8f27733cd2010ed6e624d0925	0a24f201183ed3acb0429b652017be37f22d77e3
tree	944922969a6ac2931f6dd35466da5c620386d078	3bc7ba9980cc6206ea8b23c7db5f2303fa47b38b
tree	95347d046a05745f5623935efcb9883c4d7abf39	4934b9149cfc159d20e54668b53f7baef3b0bff8
tree	95bb762c2596c6a35fc2989750102d425e818fa8	4ac54b90e6afe2c33ada78b905f7c5998c43b9cc
tree	9842fbf3a58dcc36f84716222f07bad5aa603780	75d32551aa4f2af07c0507b463eb472fc19a9ef2
tree	99e182530c15b1603435ddb5c642dae68742a545	6e55fda1c0a6c05795363d63d4b6209bde1f4ff2
tree	9a85bdf426266c96a0f4ebffd45e2c1d33ded470	16ce0d67265a0336b49939d4929c8da06f0c0446
tree	9ad806117c2ec8f815f2d37c9a2008c85987a764	bc077ec81b030017f003f603b2c4bff6009a6128
tree	9c6bace9c27aa6cf6b86797f32e7f026964a6d8e	cf8644ef9d2f279d9a6aa65d2dc6bac1a15238f6
tree	9eb046124980e839128760b76bd5794184ba1e31	b53d3eb6313eac6c638c725683a22b19bd706036
tree	9f0870c4d1d23c48026b75eebe859c5a20917f37	318dabf1c4cd02cda3726bb1910ad2f806765909
tree	a015713abbfde5df5dd35dd6999d76e529f5f80f	1dc8116e1ca9d5e70252ab155a36ecd20b0f5bb9
tree	a071278fd3949f52978b0379e015bb513da5a767	18cafa8cb071274d3da4cd76c5916df3ac36a6de
tree	a18b6ea39c49338edfbdc18659ae0884bf82278f	ad957a68969f4377a7911b6a79ac338f31d5b6f3
tree	a5981897464355602e93e05fb1089f0d95a6b042	44390b7d10c2b2f30c389ebbbfe9a1d773194569
tree	a64ec9c9cf1e4f4a99915931ac26f42d46963d97	86ba6dc5e42fa180f0c110101cf943377b9e4cfa
tree	a79aed08fffd9e342540fac48e3a6b8e04d3ae23	8f8a1ac5f54faf90c9ac805b30518dbee1775f62
tree	a8501b7b24c391fe1f526a7b1c099ef2196f1da3	d4a9a11d670b7893913c61201d7be67bb63f34fd
tree	ab0231ca7bfc73a8f5436b66d1d7585b3f015c79	4a3286747167cc727aa8ae00a21ec2b73cf9788d
tree	ae2a88eac1bb0ab2716d1809d6604542ce5eed4b	3a6c0bd0e821b9b3c2ad07f8e3725f1545220e8d
tree	afadcb203d3ddd5d0bc9667169c5c0214929f9bb	afc1751d07d7de0ea3c2dc10953a0fd322c8cd24
tree	afc60a7fbfc519825722323a6b583747059d097b	81925e1a4939d6bd27265e7022f589451f8433bc
tree	b332fdee4642fbb5bbdd66793d3a488ef232c245	fe4a7674ba29d75dbacdbc03b95aa4022dbe4ecc
tree	b35684090bac65d818910bfd07e90d2e5b930393	d85c849b5aebd5b7f8f49cbb076cf5269cf42a1f
tree	b3640bed8b9f233e43f8d7800696278e85959744	5983bd31c374aec1be760d634d785a634bd8facd
tree	b3c834e8a892876035d1355f7ce5a576b2e70244	dd66df4cffdcb0e7f3780b121b55f7b4f68af4cc
tree	b5736c2c30de9a6b114b87af5ef16f0fe9b78406	0f86addae586e327d00f3e09ea6b77b9697de56e
tree	b94d1e9a162b67f1e07f7f20d56daa40732f54ab	416332c1aa5d6bcb22e19509339940cd446a8c3b
tree	b9d9e354a4d873632047a59e9b9fb436b7857d75	aaf932a98ba35ae460fe5d5ee62d42e0c8e4fcaa
tree	bc4397811c11a3c876190129fd259c86560fecad	d143aee8d3cdfbb3ebe7f34a67ffcf28f5c14173
tree	c192bc2d641fc3751538c2c7c67f0855e94b8566	df7e4006c9c61197fb79b3cca063460e099211ae
tree	c2abe571ccb91a07ca42a874e79bb45f82b5367b	70315dee5f629d442dd663bace2889e2abe2e6b0
tree	c46fda121bd9d395a2ded0434786cbe7cb9779b5	c73f02bcbe9506dcd758a7640e0082a166315a5e
tree	c859f0e9b7f5f9f11c52ff4533a032f8f6152819	7e1ff49a43f44d3c4919d7610fc9266357ce341d
tree	cd180f296457bef7d113d5d07f36149e01e0fdbe	d6a46f52f96633d17b91922d6a5fdd9ee51b4cf4
tree	cd3af951e8fed9922509a4ea0ad39f7c8c66eeb0	24a7330691dcb2357174eb3befb71b0f4ce225aa
tree	ce88fb5c8e30cad10624ed6fccb8002cf3918202	bb622e979f1a162518f0fc8875dc65960d884563
tree	cf59e4b5a6dfcc7f622dd30e24a8325a359a5484	10e7a3542b81650bb7f7dcdb85b628f86ecbc094
tree	d1695bcbe6c35b4d98a0942a65b4c18dde24c3ac	6a4ff862cfe894a2f286f274ea73fc70fe5286a1
tree	d65d3a76f059df87c8515588ad92bbe6af54a08f	89ec296bea5b8535fa1e2db07fbd760a8033116e
tree	d76ce847b5e67f3484a10181c957bc4a160390da	8030a20482ecaf4512f2d5c5f142520c5d1012a5
tree	de474490b4311b7b02a951c63f2fa418ae4cf9b3	d059d46a14b17c1846ec9e463f775411389798cf
tree	e027536bcd0de98a9116622f30e6231df46a2e2e	cceff7409298f5161bb6260bbc3b390dc0561b1f
tree	e07bdfc4c4738c058d021d5c3bd3499925609584	6bd2acf3b981b281a0a9cc81f73521648c9d6ae1
tree	e267cf35dbf05e1a250f65a5fff98ddbdbd5f05e	c364f5d3c789561f8a1fc90df34843e5fc9caf44
tree	e460b1aeafd59ec5052ffad0913e830533ebcf4d	1c944be95365b2fb78737dbd276b98ff9b42eaf1
tree	e655e3de0556947bc3a008dc64ba47bb809db9f9	22e5ab9b2847e959bde03ed269c86da38a384d2a
tree	e939fef47b193adea9c697a33f92cbb05c2935f2	ca2cfdffd535ea4695b518ec2f1862a1d29983d4
tree	ed718338cdfb7eebbd77db9a1bf508036f080b57	61acec9e86bfd48c5a6130ac078e740a0253fd61
tree	f031c215ee597b6961fa4018b18c33133535ce45	ff6b9cf466a615f64ad50f12536b7c6ab6d229a3
tree	f12ef422836ee426d99f596bf5a7d3552c11283b	e83e6f3e3e281a2a3db59e943d54f0112e098561
tree	f35a0667adf96f509bdf297d82e49541d64a41bb	d89cda39c57665011e4a3396f257508355f058c7
tree	f5e357c4f6f8e3b4fe602ac4249123e41afb06f9	7f3e25bf5edc68851d9ae0f4e502497a17853679
tree	f7f6ed0e8d8e6a8d5d4e6fc5a89393caab79f01a	e4a0e4b8faa44d4948d000cb30f5ffda9acc1d13
tree	fa2493cc616c7218a5d3eaf9e9c332637e0251e7	3f9755977f9eb78bd536ec3e1a5e358251f3aa84
tree	fd3e6bd48ea4e7e269e3ab33108e5ec058935d45	c7655e992c20e08432c03249dd43275e3c61b06c
tree	fec68e781aa4e2b9a75f1322ab5e1fa1d6339ab9	8188613b749d7f1a8a9b8b499cb442f91eab2c47
tree	ffbbd03dd96d5c43860deb1aebe9de4bb520411c	0f4d32121669ad2cadd9888856eb94e9a64e6d32
